"County","Domain","Subdomain","Element","Item","Value","Unit","Year","Source","Flag"
"Isiolo","Crops Productivity","Crops Primary","Crop Yield","Sorghum (Yield)","0","Tons per Hectare","2020","Ministry of Agriculture and Livestock Development","Estimated Value"
"Kiambu","Crops Productivity","Crops Primary","Crop Yield","Sorghum (Yield)","0","Tons per Hectare","2020","Ministry of Agriculture and Livestock Development","Estimated Value"
"Kiambu","Crops Productivity","Crops Primary","Crop Yield","Sorghum (Yield)","0","Tons per Hectare","2021","Ministry of Agriculture and Livestock Development","Estimated Value"
"Meru","Crops Productivity","Crops Primary","Crop Yield","Sorghum (Yield)","0.77185136","Tons per Hectare","2019","Ministry of Agriculture and Livestock Development","Estimated Value"
"Baringo","Crops Productivity","Crops Primary","Crop Yield","Sorghum (Yield)","1.17602140","Tons per Hectare","2019","Ministry of Agriculture and Livestock Development","Estimated Value"
"Baringo","Crops Productivity","Crops Primary","Crop Yield","Sorghum (Yield)","1.54137696","Tons per Hectare","2020","Ministry of Agriculture and Livestock Development","Estimated Value"
"Baringo","Crops Productivity","Crops Primary","Crop Yield","Sorghum (Yield)","0.38805248","Tons per Hectare","2021","Ministry of Agriculture and Livestock Development","Estimated Value"
"Baringo","Crops Productivity","Crops Primary","Crop Yield","Sorghum (Yield)","0.35056415","Tons per Hectare","2022","Ministry of Agriculture and Livestock Development","Estimated Value"
"Baringo","Crops Productivity","Crops Primary","Crop Yield","Sorghum (Yield)","1.09368808","Tons per Hectare","2023","Ministry of Agriculture and Livestock Development","Estimated Value"
"Bomet","Crops Productivity","Crops Primary","Crop Yield","Sorghum (Yield)","1.92794788","Tons per Hectare","2019","Ministry of Agriculture and Livestock Development","Estimated Value"
"Bomet","Crops Productivity","Crops Primary","Crop Yield","Sorghum (Yield)","2.27251732","Tons per Hectare","2020","Ministry of Agriculture and Livestock Development","Estimated Value"
"Bomet","Crops Productivity","Crops Primary","Crop Yield","Sorghum (Yield)","2.07453567","Tons per Hectare","2021","Ministry of Agriculture and Livestock Development","Estimated Value"
"Bungoma","Crops Productivity","Crops Primary","Crop Yield","Sorghum (Yield)","1.50423330","Tons per Hectare","2019","Ministry of Agriculture and Livestock Development","Estimated Value"
"Bungoma","Crops Productivity","Crops Primary","Crop Yield","Sorghum (Yield)","1.52858001","Tons per Hectare","2020","Ministry of Agriculture and Livestock Development","Estimated Value"
"Bungoma","Crops Productivity","Crops Primary","Crop Yield","Sorghum (Yield)","1.49796238","Tons per Hectare","2021","Ministry of Agriculture and Livestock Development","Estimated Value"
"Bungoma","Crops Productivity","Crops Primary","Crop Yield","Sorghum (Yield)","1.22368217","Tons per Hectare","2022","Ministry of Agriculture and Livestock Development","Estimated Value"
"Busia","Crops Productivity","Crops Primary","Crop Yield","Sorghum (Yield)","1.64716999","Tons per Hectare","2019","Ministry of Agriculture and Livestock Development","Estimated Value"
"Busia","Crops Productivity","Crops Primary","Crop Yield","Sorghum (Yield)","1.15517652","Tons per Hectare","2020","Ministry of Agriculture and Livestock Development","Estimated Value"
"Busia","Crops Productivity","Crops Primary","Crop Yield","Sorghum (Yield)","0.78778341","Tons per Hectare","2021","Ministry of Agriculture and Livestock Development","Estimated Value"
"Busia","Crops Productivity","Crops Primary","Crop Yield","Sorghum (Yield)","1.00699841","Tons per Hectare","2022","Ministry of Agriculture and Livestock Development","Estimated Value"
"Elgeyo Marakwet","Crops Productivity","Crops Primary","Crop Yield","Sorghum (Yield)","1.01449275","Tons per Hectare","2019","Ministry of Agriculture and Livestock Development","Estimated Value"
"Elgeyo Marakwet","Crops Productivity","Crops Primary","Crop Yield","Sorghum (Yield)","1.20923076","Tons per Hectare","2020","Ministry of Agriculture and Livestock Development","Estimated Value"
"Elgeyo Marakwet","Crops Productivity","Crops Primary","Crop Yield","Sorghum (Yield)","1.23648648","Tons per Hectare","2021","Ministry of Agriculture and Livestock Development","Estimated Value"
"Elgeyo Marakwet","Crops Productivity","Crops Primary","Crop Yield","Sorghum (Yield)","1.27312925","Tons per Hectare","2022","Ministry of Agriculture and Livestock Development","Estimated Value"
"Elgeyo Marakwet","Crops Productivity","Crops Primary","Crop Yield","Sorghum (Yield)","1.86231343","Tons per Hectare","2023","Ministry of Agriculture and Livestock Development","Estimated Value"
"Embu","Crops Productivity","Crops Primary","Crop Yield","Sorghum (Yield)","1.18915235","Tons per Hectare","2019","Ministry of Agriculture and Livestock Development","Estimated Value"
"Embu","Crops Productivity","Crops Primary","Crop Yield","Sorghum (Yield)","1.91362621","Tons per Hectare","2020","Ministry of Agriculture and Livestock Development","Estimated Value"
"Embu","Crops Productivity","Crops Primary","Crop Yield","Sorghum (Yield)","0.27033865","Tons per Hectare","2021","Ministry of Agriculture and Livestock Development","Estimated Value"
"Garrisa","Crops Productivity","Crops Primary","Crop Yield","Sorghum (Yield)","1.42441860","Tons per Hectare","2019","Ministry of Agriculture and Livestock Development","Estimated Value"
"Garrisa","Crops Productivity","Crops Primary","Crop Yield","Sorghum (Yield)","2.41975308","Tons per Hectare","2020","Ministry of Agriculture and Livestock Development","Estimated Value"
"Garrisa","Crops Productivity","Crops Primary","Crop Yield","Sorghum (Yield)","1.02898550","Tons per Hectare","2021","Ministry of Agriculture and Livestock Development","Estimated Value"
"Garrisa","Crops Productivity","Crops Primary","Crop Yield","Sorghum (Yield)","0.88679245","Tons per Hectare","2022","Ministry of Agriculture and Livestock Development","Estimated Value"
"Garrisa","Crops Productivity","Crops Primary","Crop Yield","Sorghum (Yield)","0.85384615","Tons per Hectare","2023","Ministry of Agriculture and Livestock Development","Estimated Value"
"Homabay","Crops Productivity","Crops Primary","Crop Yield","Sorghum (Yield)","1.07628381","Tons per Hectare","2019","Ministry of Agriculture and Livestock Development","Estimated Value"
"Homabay","Crops Productivity","Crops Primary","Crop Yield","Sorghum (Yield)","1.04382590","Tons per Hectare","2020","Ministry of Agriculture and Livestock Development","Estimated Value"
"Homabay","Crops Productivity","Crops Primary","Crop Yield","Sorghum (Yield)","1.20644385","Tons per Hectare","2021","Ministry of Agriculture and Livestock Development","Estimated Value"
"Kajiado","Crops Productivity","Crops Primary","Crop Yield","Sorghum (Yield)","1.16279069","Tons per Hectare","2019","Ministry of Agriculture and Livestock Development","Estimated Value"
"Kajiado","Crops Productivity","Crops Primary","Crop Yield","Sorghum (Yield)","1.16279069","Tons per Hectare","2020","Ministry of Agriculture and Livestock Development","Estimated Value"
"Kajiado","Crops Productivity","Crops Primary","Crop Yield","Sorghum (Yield)","1.44666666","Tons per Hectare","2021","Ministry of Agriculture and Livestock Development","Estimated Value"
"Kajiado","Crops Productivity","Crops Primary","Crop Yield","Sorghum (Yield)","0.5","Tons per Hectare","2022","Ministry of Agriculture and Livestock Development","Estimated Value"
"Kakamega","Crops Productivity","Crops Primary","Crop Yield","Sorghum (Yield)","1.25101214","Tons per Hectare","2019","Ministry of Agriculture and Livestock Development","Estimated Value"
"Kakamega","Crops Productivity","Crops Primary","Crop Yield","Sorghum (Yield)","1.30408268","Tons per Hectare","2020","Ministry of Agriculture and Livestock Development","Estimated Value"
"Kakamega","Crops Productivity","Crops Primary","Crop Yield","Sorghum (Yield)","1.15160061","Tons per Hectare","2021","Ministry of Agriculture and Livestock Development","Estimated Value"
"Kakamega","Crops Productivity","Crops Primary","Crop Yield","Sorghum (Yield)","0.66746447","Tons per Hectare","2022","Ministry of Agriculture and Livestock Development","Estimated Value"
"Kericho","Crops Productivity","Crops Primary","Crop Yield","Sorghum (Yield)","1.8","Tons per Hectare","2019","Ministry of Agriculture and Livestock Development","Estimated Value"
"Kericho","Crops Productivity","Crops Primary","Crop Yield","Sorghum (Yield)","1.95942857","Tons per Hectare","2020","Ministry of Agriculture and Livestock Development","Estimated Value"
"Kericho","Crops Productivity","Crops Primary","Crop Yield","Sorghum (Yield)","1.8","Tons per Hectare","2021","Ministry of Agriculture and Livestock Development","Estimated Value"
"Kericho","Crops Productivity","Crops Primary","Crop Yield","Sorghum (Yield)","1.35","Tons per Hectare","2022","Ministry of Agriculture and Livestock Development","Estimated Value"
"Kericho","Crops Productivity","Crops Primary","Crop Yield","Sorghum (Yield)","1.08","Tons per Hectare","2023","Ministry of Agriculture and Livestock Development","Estimated Value"
"Kiambu","Crops Productivity","Crops Primary","Crop Yield","Sorghum (Yield)","1.70940170","Tons per Hectare","2019","Ministry of Agriculture and Livestock Development","Estimated Value"
"Kiambu","Crops Productivity","Crops Primary","Crop Yield","Sorghum (Yield)","0.87678571","Tons per Hectare","2023","Ministry of Agriculture and Livestock Development","Estimated Value"
"Kilifi","Crops Productivity","Crops Primary","Crop Yield","Sorghum (Yield)","0.4","Tons per Hectare","2019","Ministry of Agriculture and Livestock Development","Estimated Value"
"Kilifi","Crops Productivity","Crops Primary","Crop Yield","Sorghum (Yield)","0.18843672","Tons per Hectare","2020","Ministry of Agriculture and Livestock Development","Estimated Value"
"Kilifi","Crops Productivity","Crops Primary","Crop Yield","Sorghum (Yield)","0.28644501","Tons per Hectare","2021","Ministry of Agriculture and Livestock Development","Estimated Value"
"Kilifi","Crops Productivity","Crops Primary","Crop Yield","Sorghum (Yield)","0.11336021","Tons per Hectare","2022","Ministry of Agriculture and Livestock Development","Estimated Value"
"Kirinyaga","Crops Productivity","Crops Primary","Crop Yield","Sorghum (Yield)","0.94594594","Tons per Hectare","2019","Ministry of Agriculture and Livestock Development","Estimated Value"
"Kirinyaga","Crops Productivity","Crops Primary","Crop Yield","Sorghum (Yield)","1.16508108","Tons per Hectare","2020","Ministry of Agriculture and Livestock Development","Estimated Value"
"Kirinyaga","Crops Productivity","Crops Primary","Crop Yield","Sorghum (Yield)","0.83309941","Tons per Hectare","2021","Ministry of Agriculture and Livestock Development","Estimated Value"
"Kisii","Crops Productivity","Crops Primary","Crop Yield","Sorghum (Yield)","1.69633758","Tons per Hectare","2021","Ministry of Agriculture and Livestock Development","Estimated Value"
"Kisii","Crops Productivity","Crops Primary","Crop Yield","Sorghum (Yield)","0.79433962","Tons per Hectare","2022","Ministry of Agriculture and Livestock Development","Estimated Value"
"Kisii","Crops Productivity","Crops Primary","Crop Yield","Sorghum (Yield)","0.83760683","Tons per Hectare","2023","Ministry of Agriculture and Livestock Development","Estimated Value"
"Kisumu","Crops Productivity","Crops Primary","Crop Yield","Sorghum (Yield)","0.95875","Tons per Hectare","2021","Ministry of Agriculture and Livestock Development","Estimated Value"
"Kisumu","Crops Productivity","Crops Primary","Crop Yield","Sorghum (Yield)","0.72","Tons per Hectare","2022","Ministry of Agriculture and Livestock Development","Estimated Value"
"Kisumu","Crops Productivity","Crops Primary","Crop Yield","Sorghum (Yield)","1.25330232","Tons per Hectare","2023","Ministry of Agriculture and Livestock Development","Estimated Value"
"Kitui","Crops Productivity","Crops Primary","Crop Yield","Sorghum (Yield)","2.01747669","Tons per Hectare","2019","Ministry of Agriculture and Livestock Development","Estimated Value"
"Kitui","Crops Productivity","Crops Primary","Crop Yield","Sorghum (Yield)","2.38691065","Tons per Hectare","2020","Ministry of Agriculture and Livestock Development","Estimated Value"
"Kitui","Crops Productivity","Crops Primary","Crop Yield","Sorghum (Yield)","0.29065083","Tons per Hectare","2021","Ministry of Agriculture and Livestock Development","Estimated Value"
"Kitui","Crops Productivity","Crops Primary","Crop Yield","Sorghum (Yield)","0.30846334","Tons per Hectare","2022","Ministry of Agriculture and Livestock Development","Estimated Value"
"Kitui","Crops Productivity","Crops Primary","Crop Yield","Sorghum (Yield)","0.54286233","Tons per Hectare","2023","Ministry of Agriculture and Livestock Development","Estimated Value"
"Kwale","Crops Productivity","Crops Primary","Crop Yield","Sorghum (Yield)","3.89164086","Tons per Hectare","2019","Ministry of Agriculture and Livestock Development","Estimated Value"
"Kwale","Crops Productivity","Crops Primary","Crop Yield","Sorghum (Yield)","0.8","Tons per Hectare","2020","Ministry of Agriculture and Livestock Development","Estimated Value"
"Kwale","Crops Productivity","Crops Primary","Crop Yield","Sorghum (Yield)","1.42909470","Tons per Hectare","2021","Ministry of Agriculture and Livestock Development","Estimated Value"
"Kwale","Crops Productivity","Crops Primary","Crop Yield","Sorghum (Yield)","0.45","Tons per Hectare","2022","Ministry of Agriculture and Livestock Development","Estimated Value"
"Laikipia","Crops Productivity","Crops Primary","Crop Yield","Sorghum (Yield)","0.04922279","Tons per Hectare","2021","Ministry of Agriculture and Livestock Development","Estimated Value"
"Laikipia","Crops Productivity","Crops Primary","Crop Yield","Sorghum (Yield)","0.89473684","Tons per Hectare","2023","Ministry of Agriculture and Livestock Development","Estimated Value"
"Lamu","Crops Productivity","Crops Primary","Crop Yield","Sorghum (Yield)","2.078125","Tons per Hectare","2020","Ministry of Agriculture and Livestock Development","Estimated Value"
"Lamu","Crops Productivity","Crops Primary","Crop Yield","Sorghum (Yield)","1.125","Tons per Hectare","2021","Ministry of Agriculture and Livestock Development","Estimated Value"
"Lamu","Crops Productivity","Crops Primary","Crop Yield","Sorghum (Yield)","1.01052631","Tons per Hectare","2022","Ministry of Agriculture and Livestock Development","Estimated Value"
"Lamu","Crops Productivity","Crops Primary","Crop Yield","Sorghum (Yield)","1.41666666","Tons per Hectare","2023","Ministry of Agriculture and Livestock Development","Estimated Value"
"Machakos","Crops Productivity","Crops Primary","Crop Yield","Sorghum (Yield)","3.05567568","Tons per Hectare","2019","Ministry of Agriculture and Livestock Development","Estimated Value"
"Machakos","Crops Productivity","Crops Primary","Crop Yield","Sorghum (Yield)","2.12863722","Tons per Hectare","2020","Ministry of Agriculture and Livestock Development","Estimated Value"
"Machakos","Crops Productivity","Crops Primary","Crop Yield","Sorghum (Yield)","0.29319993","Tons per Hectare","2021","Ministry of Agriculture and Livestock Development","Estimated Value"
"Machakos","Crops Productivity","Crops Primary","Crop Yield","Sorghum (Yield)","0.86682994","Tons per Hectare","2022","Ministry of Agriculture and Livestock Development","Estimated Value"
"Machakos","Crops Productivity","Crops Primary","Crop Yield","Sorghum (Yield)","0.36840176","Tons per Hectare","2023","Ministry of Agriculture and Livestock Development","Estimated Value"
"Makueni","Crops Productivity","Crops Primary","Crop Yield","Sorghum (Yield)","1.05605280","Tons per Hectare","2019","Ministry of Agriculture and Livestock Development","Estimated Value"
"Makueni","Crops Productivity","Crops Primary","Crop Yield","Sorghum (Yield)","1.04194391","Tons per Hectare","2020","Ministry of Agriculture and Livestock Development","Estimated Value"
"Makueni","Crops Productivity","Crops Primary","Crop Yield","Sorghum (Yield)","0.62684504","Tons per Hectare","2021","Ministry of Agriculture and Livestock Development","Estimated Value"
"Makueni","Crops Productivity","Crops Primary","Crop Yield","Sorghum (Yield)","0.75507781","Tons per Hectare","2022","Ministry of Agriculture and Livestock Development","Estimated Value"
"Mandera","Crops Productivity","Crops Primary","Crop Yield","Sorghum (Yield)","0.65282392","Tons per Hectare","2021","Ministry of Agriculture and Livestock Development","Estimated Value"
"Mandera","Crops Productivity","Crops Primary","Crop Yield","Sorghum (Yield)","0.70886075","Tons per Hectare","2022","Ministry of Agriculture and Livestock Development","Estimated Value"
"Mandera","Crops Productivity","Crops Primary","Crop Yield","Sorghum (Yield)","0.76951672","Tons per Hectare","2023","Ministry of Agriculture and Livestock Development","Estimated Value"
"Marsabit","Crops Productivity","Crops Primary","Crop Yield","Sorghum (Yield)","0.15797101","Tons per Hectare","2021","Ministry of Agriculture and Livestock Development","Estimated Value"
"Marsabit","Crops Productivity","Crops Primary","Crop Yield","Sorghum (Yield)","0.03947368","Tons per Hectare","2022","Ministry of Agriculture and Livestock Development","Estimated Value"
"Marsabit","Crops Productivity","Crops Primary","Crop Yield","Sorghum (Yield)","1.32075471","Tons per Hectare","2023","Ministry of Agriculture and Livestock Development","Estimated Value"
"Meru","Crops Productivity","Crops Primary","Crop Yield","Sorghum (Yield)","0.82749359","Tons per Hectare","2021","Ministry of Agriculture and Livestock Development","Estimated Value"
"Meru","Crops Productivity","Crops Primary","Crop Yield","Sorghum (Yield)","0.83079766","Tons per Hectare","2022","Ministry of Agriculture and Livestock Development","Estimated Value"
"Meru","Crops Productivity","Crops Primary","Crop Yield","Sorghum (Yield)","3.15132605","Tons per Hectare","2023","Ministry of Agriculture and Livestock Development","Estimated Value"
"Migori","Crops Productivity","Crops Primary","Crop Yield","Sorghum (Yield)","1.12644898","Tons per Hectare","2019","Ministry of Agriculture and Livestock Development","Estimated Value"
"Migori","Crops Productivity","Crops Primary","Crop Yield","Sorghum (Yield)","1.42514879","Tons per Hectare","2020","Ministry of Agriculture and Livestock Development","Estimated Value"
"Migori","Crops Productivity","Crops Primary","Crop Yield","Sorghum (Yield)","0.80756562","Tons per Hectare","2021","Ministry of Agriculture and Livestock Development","Estimated Value"
"Migori","Crops Productivity","Crops Primary","Crop Yield","Sorghum (Yield)","0.77910210","Tons per Hectare","2023","Ministry of Agriculture and Livestock Development","Estimated Value"
"Mombasa","Crops Productivity","Crops Primary","Crop Yield","Sorghum (Yield)","1.08","Tons per Hectare","2019","Ministry of Agriculture and Livestock Development","Estimated Value"
"Mombasa","Crops Productivity","Crops Primary","Crop Yield","Sorghum (Yield)","0.18","Tons per Hectare","2021","Ministry of Agriculture and Livestock Development","Estimated Value"
"Murang'a","Crops Productivity","Crops Primary","Crop Yield","Sorghum (Yield)","1.12141138","Tons per Hectare","2019","Ministry of Agriculture and Livestock Development","Estimated Value"
"Murang'a","Crops Productivity","Crops Primary","Crop Yield","Sorghum (Yield)","1.53687564","Tons per Hectare","2020","Ministry of Agriculture and Livestock Development","Estimated Value"
"Murang'a","Crops Productivity","Crops Primary","Crop Yield","Sorghum (Yield)","0.84532712","Tons per Hectare","2021","Ministry of Agriculture and Livestock Development","Estimated Value"
"Murang'a","Crops Productivity","Crops Primary","Crop Yield","Sorghum (Yield)","0.63033335","Tons per Hectare","2022","Ministry of Agriculture and Livestock Development","Estimated Value"
"Murang'a","Crops Productivity","Crops Primary","Crop Yield","Sorghum (Yield)","0.70291071","Tons per Hectare","2023","Ministry of Agriculture and Livestock Development","Estimated Value"
"Nairobi","Crops Productivity","Crops Primary","Crop Yield","Sorghum (Yield)","0.8","Tons per Hectare","2023","Ministry of Agriculture and Livestock Development","Estimated Value"
"Nairobi","Crops Productivity","Crops Primary","Crop Yield","Sorghum (Yield)","1.07004519","Tons per Hectare","2019","Ministry of Agriculture and Livestock Development","Estimated Value"
"Nakuru","Crops Productivity","Crops Primary","Crop Yield","Sorghum (Yield)","2.35561414","Tons per Hectare","2019","Ministry of Agriculture and Livestock Development","Estimated Value"
"Nakuru","Crops Productivity","Crops Primary","Crop Yield","Sorghum (Yield)","1.47780408","Tons per Hectare","2020","Ministry of Agriculture and Livestock Development","Estimated Value"
"Nakuru","Crops Productivity","Crops Primary","Crop Yield","Sorghum (Yield)","1.53214285","Tons per Hectare","2021","Ministry of Agriculture and Livestock Development","Estimated Value"
"Nakuru","Crops Productivity","Crops Primary","Crop Yield","Sorghum (Yield)","1.25497916","Tons per Hectare","2022","Ministry of Agriculture and Livestock Development","Estimated Value"
"Nandi","Crops Productivity","Crops Primary","Crop Yield","Sorghum (Yield)","1.58761682","Tons per Hectare","2019","Ministry of Agriculture and Livestock Development","Estimated Value"
"Nandi","Crops Productivity","Crops Primary","Crop Yield","Sorghum (Yield)","2.16614285","Tons per Hectare","2020","Ministry of Agriculture and Livestock Development","Estimated Value"
"Nandi","Crops Productivity","Crops Primary","Crop Yield","Sorghum (Yield)","1.75748031","Tons per Hectare","2021","Ministry of Agriculture and Livestock Development","Estimated Value"
"Nandi","Crops Productivity","Crops Primary","Crop Yield","Sorghum (Yield)","1.64410810","Tons per Hectare","2023","Ministry of Agriculture and Livestock Development","Estimated Value"
"Narok","Crops Productivity","Crops Primary","Crop Yield","Sorghum (Yield)","0.57630661","Tons per Hectare","2021","Ministry of Agriculture and Livestock Development","Estimated Value"
"Narok","Crops Productivity","Crops Primary","Crop Yield","Sorghum (Yield)","1.11063218","Tons per Hectare","2022","Ministry of Agriculture and Livestock Development","Estimated Value"
"Narok","Crops Productivity","Crops Primary","Crop Yield","Sorghum (Yield)","1.60908479","Tons per Hectare","2023","Ministry of Agriculture and Livestock Development","Estimated Value"
"Nyamira","Crops Productivity","Crops Primary","Crop Yield","Sorghum (Yield)","1.16410256","Tons per Hectare","2021","Ministry of Agriculture and Livestock Development","Estimated Value"
"Nyamira","Crops Productivity","Crops Primary","Crop Yield","Sorghum (Yield)","0.84711111","Tons per Hectare","2022","Ministry of Agriculture and Livestock Development","Estimated Value"
"Nyamira","Crops Productivity","Crops Primary","Crop Yield","Sorghum (Yield)","0.80377358","Tons per Hectare","2023","Ministry of Agriculture and Livestock Development","Estimated Value"
"Nyandarua","Crops Productivity","Crops Primary","Crop Yield","Sorghum (Yield)","0.045","Tons per Hectare","2023","Ministry of Agriculture and Livestock Development","Estimated Value"
"Samburu","Crops Productivity","Crops Primary","Crop Yield","Sorghum (Yield)","2.77777777","Tons per Hectare","2021","Ministry of Agriculture and Livestock Development","Estimated Value"
"Samburu","Crops Productivity","Crops Primary","Crop Yield","Sorghum (Yield)","0.36","Tons per Hectare","2022","Ministry of Agriculture and Livestock Development","Estimated Value"
"Siaya","Crops Productivity","Crops Primary","Crop Yield","Sorghum (Yield)","1.04183830","Tons per Hectare","2019","Ministry of Agriculture and Livestock Development","Estimated Value"
"Siaya","Crops Productivity","Crops Primary","Crop Yield","Sorghum (Yield)","1.07327466","Tons per Hectare","2020","Ministry of Agriculture and Livestock Development","Estimated Value"
"Siaya","Crops Productivity","Crops Primary","Crop Yield","Sorghum (Yield)","0.97226701","Tons per Hectare","2021","Ministry of Agriculture and Livestock Development","Estimated Value"
"Siaya","Crops Productivity","Crops Primary","Crop Yield","Sorghum (Yield)","1.03687768","Tons per Hectare","2022","Ministry of Agriculture and Livestock Development","Estimated Value"
"Taita Taveta","Crops Productivity","Crops Primary","Crop Yield","Sorghum (Yield)","1.60650410","Tons per Hectare","2020","Ministry of Agriculture and Livestock Development","Estimated Value"
"Taita Taveta","Crops Productivity","Crops Primary","Crop Yield","Sorghum (Yield)","0.68242738","Tons per Hectare","2021","Ministry of Agriculture and Livestock Development","Estimated Value"
"Taita Taveta","Crops Productivity","Crops Primary","Crop Yield","Sorghum (Yield)","0.62065789","Tons per Hectare","2022","Ministry of Agriculture and Livestock Development","Estimated Value"
"Taita Taveta","Crops Productivity","Crops Primary","Crop Yield","Sorghum (Yield)","0.59919638","Tons per Hectare","2023","Ministry of Agriculture and Livestock Development","Estimated Value"
"Tharaka-Nithi","Crops Productivity","Crops Primary","Crop Yield","Sorghum (Yield)","1.58976537","Tons per Hectare","2019","Ministry of Agriculture and Livestock Development","Estimated Value"
"Tharaka-Nithi","Crops Productivity","Crops Primary","Crop Yield","Sorghum (Yield)","1.51161042","Tons per Hectare","2020","Ministry of Agriculture and Livestock Development","Estimated Value"
"Tharaka-Nithi","Crops Productivity","Crops Primary","Crop Yield","Sorghum (Yield)","0.64500444","Tons per Hectare","2021","Ministry of Agriculture and Livestock Development","Estimated Value"
"Trans-Nzoia","Crops Productivity","Crops Primary","Crop Yield","Sorghum (Yield)","2.30944625","Tons per Hectare","2019","Ministry of Agriculture and Livestock Development","Estimated Value"
"Trans-Nzoia","Crops Productivity","Crops Primary","Crop Yield","Sorghum (Yield)","1.34494773","Tons per Hectare","2020","Ministry of Agriculture and Livestock Development","Estimated Value"
"Trans-Nzoia","Crops Productivity","Crops Primary","Crop Yield","Sorghum (Yield)","1.39853479","Tons per Hectare","2021","Ministry of Agriculture and Livestock Development","Estimated Value"
"Trans-Nzoia","Crops Productivity","Crops Primary","Crop Yield","Sorghum (Yield)","0.99619047","Tons per Hectare","2022","Ministry of Agriculture and Livestock Development","Estimated Value"
"Turkana","Crops Productivity","Crops Primary","Crop Yield","Sorghum (Yield)","1.10890003","Tons per Hectare","2019","Ministry of Agriculture and Livestock Development","Estimated Value"
"Turkana","Crops Productivity","Crops Primary","Crop Yield","Sorghum (Yield)","0.92","Tons per Hectare","2020","Ministry of Agriculture and Livestock Development","Estimated Value"
"Turkana","Crops Productivity","Crops Primary","Crop Yield","Sorghum (Yield)","1.47751938","Tons per Hectare","2021","Ministry of Agriculture and Livestock Development","Estimated Value"
"Turkana","Crops Productivity","Crops Primary","Crop Yield","Sorghum (Yield)","0.18050117","Tons per Hectare","2022","Ministry of Agriculture and Livestock Development","Estimated Value"
"Turkana","Crops Productivity","Crops Primary","Crop Yield","Sorghum (Yield)","0.81577534","Tons per Hectare","2023","Ministry of Agriculture and Livestock Development","Estimated Value"
"Uasin Gishu","Crops Productivity","Crops Primary","Crop Yield","Sorghum (Yield)","0.72","Tons per Hectare","2020","Ministry of Agriculture and Livestock Development","Estimated Value"
"Uasin Gishu","Crops Productivity","Crops Primary","Crop Yield","Sorghum (Yield)","2.35838926","Tons per Hectare","2021","Ministry of Agriculture and Livestock Development","Estimated Value"
"Uasin Gishu","Crops Productivity","Crops Primary","Crop Yield","Sorghum (Yield)","1.03125","Tons per Hectare","2022","Ministry of Agriculture and Livestock Development","Estimated Value"
"Uasin Gishu","Crops Productivity","Crops Primary","Crop Yield","Sorghum (Yield)","2.43820224","Tons per Hectare","2023","Ministry of Agriculture and Livestock Development","Estimated Value"
"Vihiga","Crops Productivity","Crops Primary","Crop Yield","Sorghum (Yield)","1.67529411","Tons per Hectare","2019","Ministry of Agriculture and Livestock Development","Estimated Value"
"Vihiga","Crops Productivity","Crops Primary","Crop Yield","Sorghum (Yield)","1.67529411","Tons per Hectare","2020","Ministry of Agriculture and Livestock Development","Estimated Value"
"Vihiga","Crops Productivity","Crops Primary","Crop Yield","Sorghum (Yield)","0.74845679","Tons per Hectare","2021","Ministry of Agriculture and Livestock Development","Estimated Value"
"Vihiga","Crops Productivity","Crops Primary","Crop Yield","Sorghum (Yield)","0.61373134","Tons per Hectare","2022","Ministry of Agriculture and Livestock Development","Estimated Value"
"Wajir","Crops Productivity","Crops Primary","Crop Yield","Sorghum (Yield)","1.52","Tons per Hectare","2019","Ministry of Agriculture and Livestock Development","Estimated Value"
"Wajir","Crops Productivity","Crops Primary","Crop Yield","Sorghum (Yield)","0.45","Tons per Hectare","2020","Ministry of Agriculture and Livestock Development","Estimated Value"
"Wajir","Crops Productivity","Crops Primary","Crop Yield","Sorghum (Yield)","0.35","Tons per Hectare","2021","Ministry of Agriculture and Livestock Development","Estimated Value"
"Wajir","Crops Productivity","Crops Primary","Crop Yield","Sorghum (Yield)","0.33512544","Tons per Hectare","2022","Ministry of Agriculture and Livestock Development","Estimated Value"
"Wajir","Crops Productivity","Crops Primary","Crop Yield","Sorghum (Yield)","0.85263157","Tons per Hectare","2023","Ministry of Agriculture and Livestock Development","Estimated Value"
"West Pokot","Crops Productivity","Crops Primary","Crop Yield","Sorghum (Yield)","1.13990825","Tons per Hectare","2019","Ministry of Agriculture and Livestock Development","Estimated Value"
"West Pokot","Crops Productivity","Crops Primary","Crop Yield","Sorghum (Yield)","1.36419753","Tons per Hectare","2020","Ministry of Agriculture and Livestock Development","Estimated Value"
"West Pokot","Crops Productivity","Crops Primary","Crop Yield","Sorghum (Yield)","1.30438729","Tons per Hectare","2021","Ministry of Agriculture and Livestock Development","Estimated Value"
"West Pokot","Crops Productivity","Crops Primary","Crop Yield","Sorghum (Yield)","0.88237410","Tons per Hectare","2022","Ministry of Agriculture and Livestock Development","Estimated Value"
"Isiolo","Crops Productivity","Crops Primary","Crop Yield","Sorghum (Yield)","0","Tons per Hectare","2023","Ministry of Agriculture and Livestock Development","Estimated Value"
"Kisumu","Crops Productivity","Crops Primary","Crop Yield","Sorghum (Yield)","1.01987577","Tons per Hectare","2019","Ministry of Agriculture and Livestock Development","Estimated Value"
"Kisumu","Crops Productivity","Crops Primary","Crop Yield","Sorghum (Yield)","1.10773384","Tons per Hectare","2020","Ministry of Agriculture and Livestock Development","Estimated Value"
"Laikipia","Crops Productivity","Crops Primary","Crop Yield","Sorghum (Yield)","1.08677042","Tons per Hectare","2019","Ministry of Agriculture and Livestock Development","Estimated Value"
"Laikipia","Crops Productivity","Crops Primary","Crop Yield","Sorghum (Yield)","2.04788927","Tons per Hectare","2020","Ministry of Agriculture and Livestock Development","Estimated Value"
"Meru","Crops Productivity","Crops Primary","Crop Yield","Sorghum (Yield)","1.13159235","Tons per Hectare","2020","Ministry of Agriculture and Livestock Development","Estimated Value"
"Taita Taveta","Crops Productivity","Crops Primary","Crop Yield","Sorghum (Yield)","1.63131745","Tons per Hectare","2019","Ministry of Agriculture and Livestock Development","Estimated Value"
"Bomet","Crops Productivity","Crops Primary","Crop Yield","Sorghum (Yield)","1.20315137","Tons per Hectare","2022","Ministry of Agriculture and Livestock Development","Estimated Value"
"Bomet","Crops Productivity","Crops Primary","Crop Yield","Sorghum (Yield)","1.56403269","Tons per Hectare","2023","Ministry of Agriculture and Livestock Development","Estimated Value"
"Bungoma","Crops Productivity","Crops Primary","Crop Yield","Sorghum (Yield)","1.56266666","Tons per Hectare","2023","Ministry of Agriculture and Livestock Development","Estimated Value"
"Busia","Crops Productivity","Crops Primary","Crop Yield","Sorghum (Yield)","1.42989614","Tons per Hectare","2023","Ministry of Agriculture and Livestock Development","Estimated Value"
"Embu","Crops Productivity","Crops Primary","Crop Yield","Sorghum (Yield)","0.43531141","Tons per Hectare","2022","Ministry of Agriculture and Livestock Development","Estimated Value"
"Embu","Crops Productivity","Crops Primary","Crop Yield","Sorghum (Yield)","1.68301789","Tons per Hectare","2023","Ministry of Agriculture and Livestock Development","Estimated Value"
"Homabay","Crops Productivity","Crops Primary","Crop Yield","Sorghum (Yield)","0.64338192","Tons per Hectare","2022","Ministry of Agriculture and Livestock Development","Estimated Value"
"Homabay","Crops Productivity","Crops Primary","Crop Yield","Sorghum (Yield)","1.13348423","Tons per Hectare","2023","Ministry of Agriculture and Livestock Development","Estimated Value"
"Isiolo","Crops Productivity","Crops Primary","Crop Yield","Sorghum (Yield)","5.58912386","Tons per Hectare","2019","Ministry of Agriculture and Livestock Development","Estimated Value"
"Isiolo","Crops Productivity","Crops Primary","Crop Yield","Sorghum (Yield)","0.98068965","Tons per Hectare","2021","Ministry of Agriculture and Livestock Development","Estimated Value"
"Kajiado","Crops Productivity","Crops Primary","Crop Yield","Sorghum (Yield)","1","Tons per Hectare","2023","Ministry of Agriculture and Livestock Development","Estimated Value"
"Kakamega","Crops Productivity","Crops Primary","Crop Yield","Sorghum (Yield)","1.28399553","Tons per Hectare","2023","Ministry of Agriculture and Livestock Development","Estimated Value"
"Kilifi","Crops Productivity","Crops Primary","Crop Yield","Sorghum (Yield)","0.18442892","Tons per Hectare","2023","Ministry of Agriculture and Livestock Development","Estimated Value"
"Kirinyaga","Crops Productivity","Crops Primary","Crop Yield","Sorghum (Yield)","0.34246575","Tons per Hectare","2022","Ministry of Agriculture and Livestock Development","Estimated Value"
"Kirinyaga","Crops Productivity","Crops Primary","Crop Yield","Sorghum (Yield)","1.35636363","Tons per Hectare","2023","Ministry of Agriculture and Livestock Development","Estimated Value"
"Kwale","Crops Productivity","Crops Primary","Crop Yield","Sorghum (Yield)","0.61753246","Tons per Hectare","2023","Ministry of Agriculture and Livestock Development","Estimated Value"
"Makueni","Crops Productivity","Crops Primary","Crop Yield","Sorghum (Yield)","0.35593982","Tons per Hectare","2023","Ministry of Agriculture and Livestock Development","Estimated Value"
"Migori","Crops Productivity","Crops Primary","Crop Yield","Sorghum (Yield)","0.74754098","Tons per Hectare","2022","Ministry of Agriculture and Livestock Development","Estimated Value"
"Nairobi","Crops Productivity","Crops Primary","Crop Yield","Sorghum (Yield)","0.5","Tons per Hectare","2022","Ministry of Agriculture and Livestock Development","Estimated Value"
"Nairobi","Crops Productivity","Crops Primary","Crop Yield","Sorghum (Yield)","0.54","Tons per Hectare","2020","Ministry of Agriculture and Livestock Development","Estimated Value"
"Nairobi","Crops Productivity","Crops Primary","Crop Yield","Sorghum (Yield)","2.46153846","Tons per Hectare","2021","Ministry of Agriculture and Livestock Development","Estimated Value"
"Nakuru","Crops Productivity","Crops Primary","Crop Yield","Sorghum (Yield)","1.52990612","Tons per Hectare","2023","Ministry of Agriculture and Livestock Development","Estimated Value"
"Nandi","Crops Productivity","Crops Primary","Crop Yield","Sorghum (Yield)","1.66213712","Tons per Hectare","2022","Ministry of Agriculture and Livestock Development","Estimated Value"
"Siaya","Crops Productivity","Crops Primary","Crop Yield","Sorghum (Yield)","0.98870131","Tons per Hectare","2023","Ministry of Agriculture and Livestock Development","Estimated Value"
"Tharaka-Nithi","Crops Productivity","Crops Primary","Crop Yield","Sorghum (Yield)","0.65528230","Tons per Hectare","2022","Ministry of Agriculture and Livestock Development","Estimated Value"
"Tharaka-Nithi","Crops Productivity","Crops Primary","Crop Yield","Sorghum (Yield)","0.58725256","Tons per Hectare","2023","Ministry of Agriculture and Livestock Development","Estimated Value"
"Trans-Nzoia","Crops Productivity","Crops Primary","Crop Yield","Sorghum (Yield)","2.01120162","Tons per Hectare","2023","Ministry of Agriculture and Livestock Development","Estimated Value"
"Vihiga","Crops Productivity","Crops Primary","Crop Yield","Sorghum (Yield)","1.13367875","Tons per Hectare","2023","Ministry of Agriculture and Livestock Development","Estimated Value"
"West Pokot","Crops Productivity","Crops Primary","Crop Yield","Sorghum (Yield)","1.15614617","Tons per Hectare","2023","Ministry of Agriculture and Livestock Development","Estimated Value"